n_test,max_re,i_max_re,max_ae,i_max_ae,mae,mre,mse,rmse,r2,nrmse,surrogate,sampler,problem,qoi,n,seed,fit_time_s,failed
500,0.29730027179693214,1,1687.4110761915354,1,114.03555625931048,0.0345035778308923,48921.75427300514,221.18262651710495,0.9132142765977774,0.2986591489934944,RBF,LHS,rd_2d,J,10,0,0.003946942000766285,False
500,0.14772489584750248,1,838.4540786850666,1,72.08502735689989,0.024856860266917954,13603.652098401915,116.63469508856237,0.9767728024122674,0.15748985047689484,Kriging,LHS,rd_2d,J,10,0,1.6502674789953744,False
500,0.18316721635964422,372,501.68219990526495,372,101.00768497559719,0.03574422329813281,17080.264889644288,130.69148744139494,0.9721915521826351,0.176470498766423,RBF,LHS,rd_2d,J,10,1,0.002614157012430951,False
500,0.08669459266614564,134,480.9923954335227,1,79.6357402602705,0.028543219605156385,11141.663716672048,105.55407958327356,0.9815079496445436,0.14252788330413524,Kriging,LHS,rd_2d,J,10,1,0.41121370799373835,False
500,0.2879694020747565,13,730.424610568326,1,122.42228989572378,0.045347367182649236,28877.056622923632,169.9325060808662,0.9531751532278797,0.2294569806481544,RBF,LHS,rd_2d,J,10,2,0.0025544219970470294,False
500,0.14950973365944323,460,697.1696617804623,460,103.96003585241648,0.03551389864229322,22339.679923498123,149.46464439290693,0.9639811695446702,0.20181957417685667,Kriging,LHS,rd_2d,J,10,2,0.38065193500369787,False
500,0.2499599075846545,372,684.6227115171396,372,83.13991717458168,0.030250541080637215,11867.4670727937,108.9379046649682,0.9793941661826006,0.14709700491714586,RBF,LHS,rd_2d,J,10,3,0.0026508549926802516,False
500,0.12223786769573496,372,447.9770689148172,1,77.53932041897457,0.02727303968163202,11058.663637693153,105.16018085612612,0.9802896869433213,0.14199600853398742,Kriging,LHS,rd_2d,J,10,3,1.143665896001039,False
500,0.151344682599524,1,858.9991936353299,1,117.78544812213583,0.041018682226403355,24935.984651181177,157.9113189457335,0.9551023648344895,0.21322497555713688,RBF,LHS,rd_2d,J,10,4,0.00259630499931518,False
500,0.12433433053298329,5,681.538665226597,1,98.10974605696794,0.0341328436400497,18724.487021096156,136.83744743708192,0.9663380119325089,0.1847692843038033,Kriging,LHS,rd_2d,J,10,4,0.7914161219960079,False
500,0.18752850745294308,13,452.88495097659415,372,107.17349827337719,0.037163626519127434,20250.10285002158,142.30285608525776,0.9674624295858151,0.19214913289982152,RBF,LHS,rd_2d,J,10,5,0.002895735000493005,False
500,0.09421045348870787,139,384.39359731801596,1,72.66744012208991,0.026050496489526516,9119.833187565684,95.49781771101203,0.9840726013657118,0.1289490834674623,Kriging,LHS,rd_2d,J,10,5,0.9688897380110575,False
500,0.11630100907896472,5,571.9733378074807,1,78.5725455092624,0.026538723194800717,12808.397710392746,113.17419189193598,0.9821770026898634,0.1528171917058689,RBF,LHS,rd_2d,J,10,6,0.0027129950030939654,False
500,0.0941090654654068,5,272.3699691685579,134,69.86350539640276,0.025092064912958744,7761.735290887877,88.10071106913881,0.9870304963575479,0.11896089583508002,Kriging,LHS,rd_2d,J,10,6,0.6955984769883798,False
500,0.17972963026040617,252,672.29395952285,75,112.25985695115175,0.04017890875177021,23580.27494110197,153.55870193871127,0.9575072795974147,0.20734771063953567,RBF,LHS,rd_2d,J,10,7,0.0028257350058993325,False
500,0.11395347060484524,137,302.78679804886906,436,77.89383825712149,0.027685259090365604,10044.622610424709,100.22286470873155,0.9817970827227382,0.13532923428452498,Kriging,LHS,rd_2d,J,10,7,0.6254022780049127,False
500,0.1445658850175535,1,820.5242267140402,1,105.07542349494176,0.03543149730187299,23306.94344451713,152.66611753927958,0.9584317157146068,0.2061424690645672,RBF,LHS,rd_2d,J,10,8,0.003337487010867335,False
500,0.11679576772033386,406,611.4923236947207,1,87.28321424450644,0.030111215824208913,15169.855994680796,123.16596930435288,0.9732501378180511,0.1663089192701678,Kriging,LHS,rd_2d,J,10,8,0.5463930780097144,False
500,0.14124018587801443,5,660.6358719517266,1,106.7852527751259,0.03800151659232284,19920.390710855358,141.13961425076715,0.9648416843685266,0.19057842718105328,RBF,LHS,rd_2d,J,10,9,0.002712147994316183,False
500,0.1112213303588001,1,631.2678546233801,1,83.38345650618716,0.029132086229483916,13919.937631176686,117.98278531708212,0.9754879461061804,0.15931015384681174,Kriging,LHS,rd_2d,J,10,9,1.2928462109994143,False
500,0.07866779226481771,399,222.2310570248801,467,55.03426495336856,0.02044179525957846,4911.059147952001,70.07894939246735,0.9910574859154351,0.09462641671946091,RBF,LHS,rd_2d,J,20,0,0.003302621000329964,False
500,0.10141331897495927,1,575.5997351680098,1,34.370969184391555,0.011607259559743543,4370.453608539341,66.1094063544617,0.9930980788850792,0.08926641008470773,Kriging,LHS,rd_2d,J,20,0,0.4544031630066456,False
500,0.06221138341448457,51,199.1804602841239,134,52.70400790872076,0.01975780756087332,3998.5095482690303,63.233769050002316,0.9927435137199855,0.085383485807663,RBF,LHS,rd_2d,J,20,1,0.003149864001898095,False
500,0.14055412862633385,406,372.81259731026694,406,79.48943821738209,0.028212845841759312,10826.43229081554,104.05014315615111,0.980861918059796,0.14049714345563283,Kriging,LHS,rd_2d,J,20,1,0.801017113000853,False
500,0.07818299106086045,134,324.0669513881621,134,52.16073639667405,0.019208233067356768,4255.410616543313,65.23350838750981,0.9925131375822541,0.08808369991648957,RBF,LHS,rd_2d,J,20,2,0.01182730498840101,False
500,0.052544976278560196,1,298.2337501232614,1,24.02986075178884,0.008421688990727884,1369.3666076316729,37.004953825557905,0.9976327170722343,0.049967161490552206,Kriging,LHS,rd_2d,J,20,2,1.2895880639989628,False
500,0.08720429123742804,467,308.40599752566504,467,55.379350606101546,0.020173652797466097,5050.734268886903,71.06851812783846,0.9910935995491263,0.09596261459824706,RBF,LHS,rd_2d,J,20,3,0.0032383229990955442,False
500,0.11240690495908817,1,637.996915784629,1,40.723896951856226,0.012992347552174984,5643.077783248104,75.12042187879474,0.9910193318806372,0.10143383150673498,Kriging,LHS,rd_2d,J,20,3,0.626882172000478,False
500,0.07364600988232094,467,269.42242489702585,1,59.08459087978345,0.021478851688739475,5645.052529529975,75.13356460018369,0.9897156441117942,0.10145157790050599,RBF,LHS,rd_2d,J,20,4,0.004148232997977175,False
500,0.06529298815451723,56,356.7867281408471,1,28.711718044237223,0.010033429892625971,2265.56829466552,47.59798624590667,0.9966702961185816,0.06427075349386534,Kriging,LHS,rd_2d,J,20,4,0.7888652139954502,False
500,0.12433860412460657,406,357.66677378783106,467,70.51084505057239,0.0248800908951336,9003.23145346165,94.88535953170884,0.9836726439005271,0.12812209157616813,RBF,LHS,rd_2d,J,20,5,0.003132226993329823,False
500,0.07247989510831436,56,241.4919376772932,467,36.11473481923954,0.012609906641853342,2731.2898014522098,52.26174319186272,0.9953692154253124,0.07056814539360398,Kriging,LHS,rd_2d,J,20,5,0.4613981559959939,False
500,0.09189544932849865,467,324.996709635097,467,63.30253755016531,0.022863195230287153,6694.0460541705725,81.81715012251755,0.9888667298160918,0.11047631006757383,RBF,LHS,rd_2d,J,20,6,0.003334795997943729,False
500,0.073213823159772,13,239.73225908516997,201,30.634461944751326,0.010490134346848912,2392.105844754251,48.909159109048794,0.996714248712318,0.06604120797148728,Kriging,LHS,rd_2d,J,20,6,0.798647465009708,False
500,0.07828475425349947,467,276.8612345104375,467,54.79590173468425,0.019877829727260148,5064.8617578897365,71.16784216125804,0.9909513887929932,0.09609673015588738,RBF,LHS,rd_2d,J,20,7,0.0032779629982542247,False
500,0.07772286588283361,13,269.5869529598658,467,32.41706877557798,0.011577029534523654,2631.131893167938,51.29456007383179,0.9955447909166737,0.06926217443421828,Kriging,LHS,rd_2d,J,20,7,0.5511389269959182,False
500,0.09285499705788061,5,333.98168504667683,134,61.19223819089354,0.022784105715646128,6297.327623741516,79.35570315825773,0.9888770425508395,0.10715265998160468,RBF,LHS,rd_2d,J,20,8,0.0033685200032778084,False
500,0.0907321111540872,406,248.61529169428832,1,33.65938960590778,0.012150059511169691,2199.9508084790828,46.90363321192808,0.9961142908567754,0.06333318036936382,Kriging,LHS,rd_2d,J,20,8,0.9746997089969227,False
500,0.06735942480646234,467,238.222801944818,467,54.59693171185969,0.020152781851097354,4685.876732727751,68.45346399363403,0.9915731623164967,0.0924315513561121,RBF,LHS,rd_2d,J,20,9,0.0034147359983762726,False
500,0.06525787797929482,265,261.3309040361455,1,37.845590142054625,0.013304978836601894,2876.972781503224,53.63741960146129,0.9954479386793881,0.07242569791592815,Kriging,LHS,rd_2d,J,20,9,0.6619887709966861,False
500,0.06597259474041396,5,245.88666879707307,134,52.623538335026545,0.01945068564028542,4396.0117819880115,66.30242666741552,0.9920497370626981,0.08952704213937224,RBF,LHS,rd_2d,J,30,0,0.004207411999232136,False
500,0.0448581986113047,460,209.17551244630158,460,20.249464170306723,0.006951859691951968,1035.7305103504043,32.18276728857238,0.9982979559154989,0.04345584480125244,Kriging,LHS,rd_2d,J,30,0,0.6426850150019163,False
500,0.051860168722625145,284,194.42793117585097,134,50.578005776773814,0.018611308318651397,3930.495056621072,62.69366041810824,0.9928711227182937,0.08465418628307736,RBF,LHS,rd_2d,J,30,1,0.004069249000167474,False
500,0.02424298104241766,13,133.82826318781918,1,14.281572199872372,0.004865525899636567,496.15658631951527,22.274572640558453,0.9991991295192983,0.030076977626036536,Kriging,LHS,rd_2d,J,30,1,0.7909968619933352,False
500,0.05138061390655808,467,181.71226737213556,467,50.854721907694014,0.018581298162781104,4034.9196891318475,63.5210176959709,0.9928134663701009,0.085771352782142,RBF,LHS,rd_2d,J,30,2,0.004034356999909505,False
500,0.050214771768225135,284,142.63559763147578,284,20.33814075279305,0.007338691152100788,960.8411471810688,30.997437751870216,0.9983831503882636,0.04185531443282884,Kriging,LHS,rd_2d,J,30,2,1.0634869280038401,False
500,0.049368429364564835,467,181.17190047235272,134,49.33447930112993,0.018175103525612978,3720.3156157801395,60.99439003531505,0.9932312538436814,0.0823596903073927,RBF,LHS,rd_2d,J,30,3,0.004441270008101128,False
500,0.027263527669744336,1,154.74179787297362,1,15.912036244655784,0.005224191132315414,575.4377054229839,23.98828266931553,0.9990167160481538,0.032390971210747965,Kriging,LHS,rd_2d,J,30,3,1.1339570170093793,False
500,0.061820273275511727,134,256.2438098432822,134,52.01431307729342,0.01895701402816729,4146.033290417236,64.38969863586283,0.9926282256427303,0.08694431792113283,RBF,LHS,rd_2d,J,30,4,0.00416909100022167,False
500,0.05118115198191841,1,290.4929828167842,1,16.479005109771236,0.005353874433299915,999.7031959395804,31.618083369166772,0.9984195206023603,0.042693361682774114,Kriging,LHS,rd_2d,J,30,4,0.7726954780082451,False
500,0.05872167842540545,467,207.67461731740605,467,49.25308053237504,0.01821456985179664,3788.272594817716,61.54894470921265,0.9931215221190485,0.08310849607746891,RBF,LHS,rd_2d,J,30,5,0.004139532000408508,False
500,0.055254083215883244,406,164.28035956479107,1,21.224490601729112,0.007562526371066518,1165.9924880325837,34.146632162375596,0.998036444471978,0.04610761823022439,Kriging,LHS,rd_2d,J,30,5,0.8521755289984867,False
500,0.05066740472647358,134,210.0153903254586,134,49.13617121982113,0.01815371436523735,3774.3082483259586,61.435398984021894,0.9931720577209971,0.08295517721065142,RBF,LHS,rd_2d,J,30,6,0.004182018994470127,False
500,0.02947710453087035,56,110.33345210746302,1,11.381991295477485,0.00402638382477819,308.6754419460596,17.569161674538133,0.9994613674092216,0.023723341009520425,Kriging,LHS,rd_2d,J,30,6,0.7728891010046937,False
500,0.06178795633069292,5,177.56933765802114,5,53.78139000542888,0.01977856843489853,4298.374644164234,65.56199084960916,0.9923389435888507,0.08852724421350193,RBF,LHS,rd_2d,J,30,7,0.004309930998715572,False
500,0.059935831786195805,1,340.18262346513984,1,18.269705261369605,0.005643131378932464,1289.161516863867,35.904895444268696,0.9979930706468457,0.0484817713169547,Kriging,LHS,rd_2d,J,30,7,0.4338076150015695,False
500,0.05727295289918073,119,163.6289289691099,467,51.22575125785869,0.01895308669871902,4002.2859464289995,63.263622615441484,0.9927440327777198,0.08542379657071379,RBF,LHS,rd_2d,J,30,8,0.004062888998305425,False
500,0.0352021609871572,265,140.41166242567033,460,15.904265672157996,0.005819838610664828,592.2141312740473,24.335450093927733,0.9990119826752751,0.032859745495716165,Kriging,LHS,rd_2d,J,30,8,1.6741340220032725,False
500,0.052744908931576844,131,192.70283999345975,436,51.8325148400129,0.01881819946532064,4149.561083862553,64.41708689363834,0.992551590455964,0.08698129982106075,RBF,LHS,rd_2d,J,30,9,0.005687639000825584,False
500,0.058383731345997086,1,331.37324210022143,1,18.259986579238166,0.005623179021348156,1299.256570953363,36.04520177434665,0.9979899646925898,0.048671224574650965,Kriging,LHS,rd_2d,J,30,9,0.8505086459917948,False
500,0.056527671159778005,134,234.3060787679742,134,49.82349106378405,0.018406986901631478,3751.5434938621593,61.249844847657855,0.9931968428870186,0.08270462660759842,RBF,LHS,rd_2d,J,40,0,0.004979072997230105,False
500,0.030039868215385065,406,97.00507870351248,1,8.199539335458363,0.0027985589238404365,198.0265539539475,14.072190801504487,0.9996460748210648,0.01900144055358883,Kriging,LHS,rd_2d,J,40,0,1.5389195189927705,False
500,0.06158623063033514,134,255.27370770868674,134,50.05285636437754,0.018481427790126397,3770.919026157654,61.40780916265987,0.9931715111162369,0.08291792314283146,RBF,LHS,rd_2d,J,40,1,0.004945147011312656,False
500,0.013491815897212116,201,75.28158557590632,201,7.78891476974637,0.002643685828292415,156.02982444315992,12.491189872992882,0.9997240544436687,0.016866641815991394,Kriging,LHS,rd_2d,J,40,1,1.0557333169999765,False
500,0.04637471761506198,134,192.222287163474,134,49.241838940592416,0.01816872139428386,3711.657103984136,60.92337075362899,0.99325272740816,0.08226379417592665,RBF,LHS,rd_2d,J,40,2,0.005299775002640672,False
500,0.028929032295647764,265,101.47953704811971,1,9.695161168702425,0.0033670940249464045,243.0859348925542,15.591213387435701,0.9996044134784452,0.02105255098644658,Kriging,LHS,rd_2d,J,40,2,3.1408560359996045,False
500,0.051932542952318576,467,183.66421521215307,467,49.730304737712416,0.01826656290221276,3827.177702302561,61.86418755873677,0.9930649544267129,0.08353416315018485,RBF,LHS,rd_2d,J,40,3,0.00493136300065089,False
500,0.024583231031117633,56,81.2901115146542,56,7.60942390247848,0.002663003230603758,163.25672944217484,12.777195679889028,0.9997283940547913,0.017252830605951328,Kriging,LHS,rd_2d,J,40,3,1.877153086999897,False
500,0.05137096171516946,134,212.93162012635003,134,49.64273084647382,0.018286463740728655,3851.3701498402543,62.059408229858704,0.9930147264895368,0.08379776631116236,RBF,LHS,rd_2d,J,40,4,0.00494303299637977,False
500,0.03180947107866982,406,84.37298603609179,406,8.672235408631769,0.0030750122497933668,171.9444181511586,13.112757839263203,0.9996989576848347,0.017705934498111503,Kriging,LHS,rd_2d,J,40,4,2.554445407993626,False
500,0.05165926618352508,134,214.12663644465465,134,50.23189109784267,0.01852960353593276,3785.141445300238,61.52350319430972,0.9931304743734984,0.08307414283142213,RBF,LHS,rd_2d,J,40,5,0.005459359992528334,False
500,0.022030573353438557,1,125.04069796758904,1,8.068241976383101,0.0027772057324887264,192.00962739582232,13.856753854919353,0.9996714519925657,0.018710539698752034,Kriging,LHS,rd_2d,J,40,5,6.6180271549965255,False
500,0.048983259894273816,467,197.0994309206717,134,48.977798578011004,0.018074777752272127,3689.149475650851,60.73836905655972,0.9932792404901413,0.08201398952228317,RBF,LHS,rd_2d,J,40,6,0.005006780003895983,False
500,0.02314377111577728,13,51.65917799920817,145,7.341425184752175,0.002616696940093478,134.01087486386646,11.576306615836783,0.9997563247733965,0.015631290471660078,Kriging,LHS,rd_2d,J,40,6,2.9981524769973475,False
500,0.057583989819807765,467,203.65107691240883,467,48.77339160658844,0.01805907108305721,3792.4073414369404,61.58252464325363,0.9930934883888537,0.08315383849283788,RBF,LHS,rd_2d,J,40,7,0.011721197995939292,False
500,0.019020804752065173,427,80.02262910974696,1,8.704476622396815,0.002950554147425408,207.07675064036997,14.39016159187832,0.9996329122629196,0.01943079111856412,Kriging,LHS,rd_2d,J,40,7,4.309550667996518,False
500,0.05317520268188204,134,220.41016324319025,134,48.402526663709466,0.017926181039377338,3630.9618850627494,60.2574633142049,0.9933857392386244,0.08136463065527168,RBF,LHS,rd_2d,J,40,8,0.004906392001430504,False
500,0.024966711458717646,56,82.55817781089627,56,8.144461245019201,0.002873933934216124,181.4792652747493,13.471424025497427,0.999676039469359,0.01819023536586149,Kriging,LHS,rd_2d,J,40,8,1.5248350729962112,False
500,0.0616995880011627,134,255.74357176841386,134,50.29187848516072,0.01860470043653091,3825.3665511893296,61.84954770399966,0.9930332538297633,0.08351439520264746,RBF,LHS,rd_2d,J,40,9,0.005621218995656818,False
500,0.0365751742955542,13,105.89224431708408,134,12.026070961474637,0.004367934416907634,353.131165219825,18.791784513979106,0.9993599018943393,0.025374227892081304,Kriging,LHS,rd_2d,J,40,9,1.2891127449984197,False
500,0.17676076157154016,154,490.5931849612007,1,42.60063575684208,0.015582270340078629,4874.555307118664,69.81801563435232,0.9915005013957312,0.09427408229171018,RBF,LHS,rd_2d,J,50,0,0.012910941004520282,False
500,0.024605698171811307,13,49.361338681304005,1,7.161989768543135,0.0025631326534119427,133.2589855811575,11.543785582778186,0.9997781476702092,0.015587377872327062,Kriging,LHS,rd_2d,J,50,0,2.5867835190001642,False
500,0.045927408508538575,284,160.0218765623922,467,50.903959029327204,0.01866429844869742,3942.6891285949087,62.79083634253416,0.9929324043319303,0.08478540128557874,RBF,LHS,rd_2d,J,50,1,0.006535720007377677,False
500,0.02179271500029794,13,83.72835988079714,460,6.811063401433436,0.0023066709926148404,160.99116392650495,12.688229345598423,0.9997371335750974,0.017132700873762584,Kriging,LHS,rd_2d,J,50,1,2.653636707997066,False
500,0.04634980722168127,134,192.11903407567024,134,49.71754749699481,0.01835554218227054,3750.2644055300902,61.23940239363942,0.9931709478116042,0.08269052633905717,RBF,LHS,rd_2d,J,50,2,0.006624896006542258,False
500,0.01885215793279908,13,72.04290595069142,460,5.801852151971125,0.001987487441218545,96.68094467376562,9.832646880355545,0.9998482114837101,0.01327685630595143,Kriging,LHS,rd_2d,J,50,2,1.9134241120045772,False
500,0.060824337769780336,134,252.1156768728979,134,51.106562248915914,0.018874706135065,3978.0303182089906,63.07162847278474,0.9927782851724205,0.08516455013639601,RBF,LHS,rd_2d,J,50,3,0.006534293002914637,False
500,0.016920411948364845,45,57.2968159329439,1,4.886290911465976,0.0017939734474527725,64.23895319138545,8.014920660330048,0.9998868240428764,0.010822411422442493,Kriging,LHS,rd_2d,J,50,3,1.0226601530011976,False
500,0.04989010675217585,467,178.34474912884525,134,48.70436603772115,0.01803032628683487,3638.418406114195,60.319303760191026,0.9933865434158369,0.08144813276057905,RBF,LHS,rd_2d,J,50,4,0.00642300900653936,False
500,0.017897143858290422,56,59.18102539868187,56,5.8452847727597295,0.0020611887986314425,79.66787486720557,8.925686240687915,0.999869756902506,0.012052202737635192,Kriging,LHS,rd_2d,J,50,4,1.9468988530134084,False
500,0.05420296091400104,134,224.67020078495716,134,49.561458098922905,0.018323308027471015,3737.2829244534623,61.13332090156286,0.9932152512664978,0.08254728629960907,RBF,LHS,rd_2d,J,50,5,0.0065344939939677715,False
500,0.015130687457567054,13,54.804975490277684,328,5.375900504630143,0.0017712989556539589,83.2998856065764,9.12687710044221,0.9998518196788675,0.012323867343059527,Kriging,LHS,rd_2d,J,50,5,0.6121745129930787,False
500,0.051467727390592785,284,206.03897309832064,134,50.55192242149699,0.018713989744043886,3944.69638249636,62.80681796187704,0.9928675201991418,0.08480698099510493,RBF,LHS,rd_2d,J,50,6,0.006539271009387448,False
500,0.020853896429204436,13,79.24630692628398,1,6.688017053622489,0.0022732790675179223,145.94290015170876,12.080682933994616,0.999752008411017,0.016312341259081854,Kriging,LHS,rd_2d,J,50,6,0.9765258460101904,False
500,0.05981405576161695,134,247.92807793372504,134,49.52227744129633,0.018331145783221984,3748.991494705975,61.229008604630984,0.9932018638558306,0.0826764917820535,RBF,LHS,rd_2d,J,50,7,0.0063426759879803285,False
500,0.0114392442488854,475,57.58590230318896,1,6.041999447251329,0.0021575890466769892,79.68438650788663,8.92661114353519,0.9998597235002372,0.012053451618262115,Kriging,LHS,rd_2d,J,50,7,0.6769403489888646,False
500,0.05240785435364848,467,185.34519770489942,467,48.859759164867086,0.01802167486929655,3715.5340266990816,60.95518047466582,0.9932428186846617,0.08230674630270161,RBF,LHS,rd_2d,J,50,8,0.006436583993490785,False
500,0.022035166315420286,211,57.948762042026374,211,5.821578186987225,0.0021100998671379693,119.80294112805848,10.9454529887099,0.9997862302099365,0.014779459519184236,Kriging,LHS,rd_2d,J,50,8,0.6369508060015505,False
500,0.06202143759374904,134,257.0776319630895,134,50.398921302071756,0.018512775837336754,3907.5106448759884,62.510084345455724,0.9929071507790675,0.08440630662590308,RBF,LHS,rd_2d,J,50,9,0.006505173005280085,False
500,0.020385690139109323,13,94.02531953637754,460,6.319480674184977,0.0021906046128671685,115.70549497282238,10.756648872805247,0.999805412094827,0.014524520523882126,Kriging,LHS,rd_2d,J,50,9,0.6788442529941676,False
500,23.413282492825243,133,118.48795176798242,1,11.19088023700484,0.9789210332225822,308.0194325650516,17.55048240263075,0.9006550602400205,0.35117380868780457,RBF,LHS,branin,f,10,0,0.002586875998531468,False
500,31.69180069717388,283,186.07388958057643,1,22.784698308320227,1.6794653967392377,1206.0914980734196,34.72882805499517,0.5681720789146875,0.6949014015425822,Kriging,LHS,branin,f,10,0,0.2641531700064661,False
500,20.809003990135185,191,146.21662134619996,1,13.30897669223688,1.0039103420652211,461.3073021675083,21.478065605810695,0.8308176304010287,0.42976220989278807,RBF,LHS,branin,f,10,1,0.005569482003920712,False
500,21.82570700598839,191,150.02988277000298,1,14.412533770092805,1.0948003104026824,527.6514597066567,22.9706651994812,0.8111231118076503,0.45962816298343195,Kriging,LHS,branin,f,10,1,0.4557624949957244,False
500,16.817331921409657,309,44.541504089206725,372,8.026058699601936,0.8199472110546017,108.96750292199764,10.438750065117837,0.9603773117040026,0.2088726414584483,RBF,LHS,branin,f,10,2,0.0057264499919256195,False
500,23.834317752588348,377,136.39905702837592,1,13.369678560418652,1.0023932968399596,396.0716683771821,19.9015493963958,0.8495599941135221,0.3982171395626813,Kriging,LHS,branin,f,10,2,0.5283382030029316,False
500,27.321543280139895,133,183.5438243290365,1,20.783915838757274,1.5253964295057485,1064.0678541574312,32.620052945349904,0.6146852469036499,0.6527061746575842,RBF,LHS,branin,f,10,3,0.002976027986733243,False
500,25.738555242434828,133,174.05574662116186,1,12.5104247946598,1.0349541056281393,549.8688188586616,23.449281841000197,0.783709618985694,0.46920497261451066,Kriging,LHS,branin,f,10,3,0.5878116759995464,False
500,23.421690806116118,377,151.33422330365858,1,15.605314279734616,1.175740917282752,572.2817731381789,23.922411524304543,0.78235852988326,0.47867199175834557,RBF,LHS,branin,f,10,4,0.0054878649971215054,False
500,20.63401858196154,377,132.62576231919036,1,13.37259159364563,0.845314999011312,386.84596767318925,19.668400231670834,0.8471915412915062,0.3935519754782699,Kriging,LHS,branin,f,10,4,0.3403553909884067,False
500,11.29934919154826,191,34.98116100377932,13,6.7617105266590425,0.44931474174742814,82.91323380214398,9.105670420246055,0.9687201544276093,0.18219857943359838,RBF,LHS,branin,f,10,5,0.0029834169981768355,False
500,33.19077967621898,383,177.6631600139698,1,18.03933786615188,1.382387430353564,807.0651448467058,28.40889200315116,0.6806355287326222,0.5684435661923272,Kriging,LHS,branin,f,10,5,0.28813475200149696,False
500,13.234851404850412,377,171.90174199186202,1,15.948169407133497,0.7583223722858736,653.2952119732502,25.55964029428525,0.7401418959896046,0.5114318811823075,RBF,LHS,branin,f,10,6,0.002677327996934764,False
500,17.167612553198992,377,169.76343226404563,1,15.882710018962088,0.7964806823193309,658.0006763846509,25.651523860867425,0.7395280002503464,0.5132704119583986,Kriging,LHS,branin,f,10,6,0.3005493639939232,False
500,16.78113627748138,191,97.35831577376769,1,12.482539540308652,0.6456261546090843,306.45262495990886,17.505788327290745,0.8774389292187682,0.3502795091293732,RBF,LHS,branin,f,10,7,0.002492435000021942,False
500,15.050321679837303,191,90.35186600196278,1,12.488366260101706,0.5810797977145492,309.83176613171446,17.602038692484303,0.8761566210890054,0.35220541672308975,Kriging,LHS,branin,f,10,7,0.3550831380125601,False
500,10.946152937088103,236,46.8219357507603,98,7.881681089326057,0.6147192268641428,116.76453304671682,10.805763880759047,0.9563152545628714,0.2162163506809622,RBF,LHS,branin,f,10,8,0.003268360989750363,False
500,16.852589244858567,78,136.2261369962216,1,14.132671845372586,0.8600401193848026,435.05733804272705,20.85802814368432,0.8286210564801557,0.41735566105220456,Kriging,LHS,branin,f,10,8,0.28299557900754735,False
500,37.53581678805565,383,149.69158199199063,1,15.097334249335557,1.3342882536696712,594.7712628614782,24.387932730378733,0.7662741488527478,0.4879867701907326,RBF,LHS,branin,f,10,9,0.0024852770002325997,False
500,49.03411054568464,309,174.2219304084894,1,21.941745325535056,1.6325156338853795,991.0697064269802,31.48125960674033,0.6205210852223695,0.6299196560392766,Kriging,LHS,branin,f,10,9,0.3095274879888166,False
500,10.690714545131886,309,22.943350557558805,46,5.596313725446111,0.4800044323615659,45.67523988944553,6.758345943309319,0.9822151873244902,0.13523013390138783,RBF,LHS,branin,f,20,0,0.003128798009129241,False
500,5.680408234385655,184,66.40496678544756,1,3.1575024436726724,0.2031456798282619,53.230592156386074,7.295929834941265,0.9809648576321711,0.14598684009228455,Kriging,LHS,branin,f,20,0,0.28426844099885784,False
500,9.10353095599279,377,22.655915775789254,460,5.778540813378944,0.4479528522530535,51.2385139788854,7.158108268172912,0.979554054039682,0.14322911962563184,RBF,LHS,branin,f,20,1,0.003107227006694302,False
500,8.691835642084818,184,36.446662054650886,1,2.2305825299909627,0.19659210987793235,18.043367222824934,4.247748488649597,0.9929717291691862,0.08499470162047197,Kriging,LHS,branin,f,20,1,0.3561366009962512,False
500,16.06022752168475,377,23.8756022982316,304,5.823964838123511,0.5737517163890621,50.927186897116904,7.136328670760401,0.9808158693118967,0.14279332395918953,RBF,LHS,branin,f,20,2,0.003148252988466993,False
500,24.5044258244302,377,91.96985481372113,1,8.40299191386872,0.666277446897582,168.538041089085,12.982220191056882,0.9355268053307164,0.2597658346435984,Kriging,LHS,branin,f,20,2,0.3239894480066141,False
500,9.827144051089679,309,30.60764431137124,372,5.868082321310434,0.5151649112332479,55.02851571699108,7.418120767215312,0.9786424461259139,0.1484318016659538,RBF,LHS,branin,f,20,3,0.0030412890046136454,False
500,4.99366318735515,78,106.9765969440264,1,5.118864046680113,0.27883752420187957,142.92967808496743,11.955320074551222,0.9468165079576936,0.2392182270746357,Kriging,LHS,branin,f,20,3,0.3003764540044358,False
500,11.502554233335895,377,27.71077651860091,13,5.960644045106507,0.4618934869342149,54.01603962999942,7.34956050590778,0.9798053568233345,0.14705995515281248,RBF,LHS,branin,f,20,4,0.0032227530027739704,False
500,12.048319753050414,184,35.24626550658746,406,2.5584642110901914,0.20863998601590653,18.49705072377855,4.300819773459305,0.9925975977068635,0.08605662372557529,Kriging,LHS,branin,f,20,4,0.3668910020060139,False
500,14.163900840735886,377,19.769469494551743,304,5.81121954913411,0.5261819529811796,48.93916105904426,6.9956530116240225,0.9804514576871011,0.1399784949490659,RBF,LHS,branin,f,20,5,0.0031031990074552596,False
500,6.158131475297727,184,36.44806572361708,1,1.8143124415527305,0.13060570562680515,14.740832431640062,3.8393791726840503,0.9943934240389382,0.07682349556761965,Kriging,LHS,branin,f,20,5,0.3911016740021296,False
500,13.006306325135913,309,28.912573414071545,13,6.192104736651709,0.5025740927502385,59.7093230304955,7.727180794474496,0.976287505839298,0.15461589304280937,RBF,LHS,branin,f,20,6,0.006199758994625881,False
500,7.540721913470081,184,26.50168471385048,13,3.4132143802408557,0.2049638642636773,26.9230228990491,5.188740010739515,0.9892554746200511,0.10382333374432273,Kriging,LHS,branin,f,20,6,0.6754427510022651,False
500,5.052434147804391,133,43.892397296536174,98,6.588308166535762,0.39366430652313916,77.46865542175647,8.801627998373737,0.9697502376582461,0.17611488709728051,RBF,LHS,branin,f,20,7,0.0031369920034194365,False
500,12.173568900052429,184,34.96698514666697,406,2.888108450155553,0.2810244416222525,18.906357268246236,4.348144117695069,0.992431841711755,0.08700355326447132,Kriging,LHS,branin,f,20,7,0.36380199300765526,False
500,27.8909077796896,377,70.82936781201151,13,8.881448719761734,1.0320140363368056,174.95050689868006,13.226885759644258,0.9312456344597749,0.2646614345253838,RBF,LHS,branin,f,20,8,0.0033915669919224456,False
500,11.886851371345834,133,58.41700229441997,1,4.9641287859332115,0.5113711808446252,64.10488487582842,8.0065526211865,0.9768095669946469,0.16020594271641939,Kriging,LHS,branin,f,20,8,0.33265705799567513,False
500,9.848222047986564,309,32.893553560401486,372,5.895122124897406,0.5090449125527094,53.833226500696306,7.337112954064174,0.9786457870700888,0.14681088768620526,RBF,LHS,branin,f,20,9,0.0057500949915265664,False
500,3.3851461822283513,184,36.87726365432164,1,2.363311775049266,0.17072969244913172,18.93225129585759,4.35112069424161,0.993168469766095,0.08706311263718365,Kriging,LHS,branin,f,20,9,0.3639380790118594,False
500,11.071476555989602,309,24.879133081226854,304,5.62274277146534,0.5300063277623888,45.3362270671688,6.733218180570773,0.9824439553221426,0.1347273436109411,RBF,LHS,branin,f,30,0,0.004173176988842897,False
500,0.980077186863376,191,9.445274102908854,1,0.425373052007678,0.03432793490258944,0.8004697601346104,0.8946897563594938,0.9997262396952883,0.01790216371987765,Kriging,LHS,branin,f,30,0,0.38749689199903514,False
500,10.94914353662335,309,24.165037661399225,372,5.557699712869799,0.5165538223327379,44.53331666102166,6.673328754154231,0.9825392029612429,0.13352899489935968,RBF,LHS,branin,f,30,1,0.0043835889955516905,False
500,0.78268741344055,184,5.13912845086254,406,0.30743622485166805,0.027465868438093302,0.3307219231343644,0.5750842748105397,0.9998709558184852,0.011507064618999252,Kriging,LHS,branin,f,30,1,0.40585611399728805,False
500,9.625037987927247,309,18.749502551512585,425,5.4057411967163445,0.5049140112089104,40.21481914568551,6.341515524358946,0.9840026102897064,0.12688962664685252,RBF,LHS,branin,f,30,2,0.004310602002078667,False
500,0.783606194576803,184,8.842599752233497,1,0.4234479120753421,0.03400543273491482,0.7736520580285106,0.8795749303092435,0.999703824520234,0.01759972582045419,Kriging,LHS,branin,f,30,2,0.5279677670041565,False
500,11.390042854637104,377,16.216534598293034,406,5.419874405587173,0.4997670417122777,40.84319954890999,6.390868450289835,0.983848943199034,0.127877146794244,RBF,LHS,branin,f,30,3,0.004069988994160667,False
500,1.6708874711100934,184,8.066354626338164,406,0.38017745019403665,0.03462055108865779,0.5896078599013135,0.7678592708962453,0.9997775592084563,0.015364367685782547,Kriging,LHS,branin,f,30,3,0.31308996900042985,False
500,10.268987703244639,336,161.13603762571938,1,9.693342864199654,0.4645638803706843,452.68692793059347,21.2764406781443,0.8211651318120691,0.4257278254154476,RBF,LHS,branin,f,30,4,0.0040730159962549806,False
500,2.054788631636593,184,13.054266688145901,1,0.5868121178160648,0.049726251543794876,1.8003874700999662,1.341785180310159,0.9993695712629556,0.02684825416193347,Kriging,LHS,branin,f,30,4,0.5336833490000572,False
500,9.765657340469428,309,19.664973200836926,425,5.385683841917898,0.500846996409053,41.0438964371678,6.406551056314763,0.983638657312635,0.12819094560396213,RBF,LHS,branin,f,30,5,0.004081050996319391,False
500,1.5572646716569376,184,6.4996751914934485,406,0.3388028430268307,0.03649599389948634,0.3420316897996728,0.5848347542679665,0.9998633853220656,0.011702165410478551,Kriging,LHS,branin,f,30,5,0.42325820699625183,False
500,10.481241673575237,78,40.09663062517215,406,6.275405792351964,0.5242065049005323,71.85848833818716,8.476938618285917,0.9717063622727036,0.1696180624727431,RBF,LHS,branin,f,30,6,0.004255160994944163,False
500,1.0602311053078104,78,5.964411904335861,1,0.43586420627018835,0.03445001986020804,0.5250518467818621,0.7246046141047282,0.9998085573324245,0.014498869962102659,Kriging,LHS,branin,f,30,6,0.45763229999283794,False
500,12.258978637574602,377,16.8410691759388,304,5.387306128747812,0.4986731912496815,40.75100051805519,6.383651033543045,0.983818180399788,0.12773273095029675,RBF,LHS,branin,f,30,7,0.003955020001740195,False
500,2.537734555463561,184,12.27514247087251,1,0.5301914849522168,0.037807203103321176,1.6193066219848928,1.2725197923745206,0.9994264665282835,0.025462298520739793,Kriging,LHS,branin,f,30,7,0.41251406000810675,False
500,9.944325742410971,309,18.257868012727606,98,5.459655058200457,0.4889834510817748,41.86000048354186,6.469930485217121,0.9833398918346047,0.1294591270094352,RBF,LHS,branin,f,30,8,0.0038404379884013906,False
500,2.049908935607669,184,8.733898846505195,406,0.3487052897985187,0.034125097924942734,0.49381811058626096,0.7027219297746876,0.9998102535050328,0.014061011593073361,Kriging,LHS,branin,f,30,8,0.4072337490069913,False
500,13.350233565769281,377,25.4498892843213,304,5.628705084740503,0.5274424174913579,46.20711143368614,6.79758129290751,0.9826703654435551,0.13601520788610796,RBF,LHS,branin,f,30,9,0.004142659003264271,False
500,3.023832117043785,184,14.211170680851552,1,0.5653989705175174,0.04501001741552666,2.2541961879419192,1.501398077773486,0.9992023233902153,0.03004200507042648,Kriging,LHS,branin,f,30,9,0.4243967590009561,False
500,2.6737619062310443,184,60.217719301526785,1,1.9899444221360625,0.08557565800889924,28.393567533377983,5.328561488185905,0.9891605048310403,0.10662107113095118,RBF,LHS,branin,f,40,0,0.004852728001424111,False
500,2.164100627032645,184,8.418752035280082,406,0.21388685325209927,0.029538691833073113,0.3179214702624277,0.5638452538262849,0.9998742821848214,0.011282179073723796,Kriging,LHS,branin,f,40,0,0.731082090002019,False
500,11.008092050331756,377,17.40208793721139,13,5.524203698066958,0.48678837573963557,41.741408313737104,6.460759112808425,0.9835894430814554,0.12927561377568084,RBF,LHS,branin,f,40,1,0.005034051006077789,False
500,1.3032482722027372,184,6.293941657078495,406,0.21715971898480627,0.020029413404598677,0.22339164527082914,0.47264325370286325,0.9999107721955482,0.009457286001924997,Kriging,LHS,branin,f,40,1,0.5350794089899864,False
500,3.517277957823852,184,31.705086271429025,1,2.046328030084766,0.1234633057654882,14.32311677098179,3.7845893794415515,0.9945359378594444,0.07572718721957666,RBF,LHS,branin,f,40,2,0.004932009003823623,False
500,0.4904749381412614,191,3.1927248626249707,1,0.20722858533698812,0.01579705967947707,0.13255522397281674,0.3640813425222676,0.9999491362061209,0.007285032330880474,Kriging,LHS,branin,f,40,2,0.7006934230012121,False
500,11.651484455607887,377,23.072537499405897,13,5.50648928376006,0.5055028482989481,43.49213604206139,6.5948567870774415,0.9827549705346058,0.13195882156045194,RBF,LHS,branin,f,40,3,0.004871619006735273,False
500,1.2648490316743761,184,5.47876413693572,406,0.198399581305881,0.019921437372397925,0.2035205275401553,0.4511324944405527,0.9999199039771853,0.009026869613098001,Kriging,LHS,branin,f,40,3,0.5844659600115847,False
500,8.341040756361723,236,20.253848007261496,98,5.364305257209024,0.4488377662705125,40.914312351362035,6.396429656563264,0.9837399001825166,0.12798842293715193,RBF,LHS,branin,f,40,4,0.004851459991186857,False
500,2.327236504390164,184,9.435567265692956,406,0.30266820628413027,0.03256606800175615,0.4850413624528645,0.6964491097365726,0.9998074092997612,0.013935496518703221,Kriging,LHS,branin,f,40,4,0.5709970820025774,False
500,11.042126901017856,78,66.76138619366884,1,2.499308042963682,0.2189710295351503,35.19685451742068,5.932693698263941,0.9864930880465715,0.11870936615880087,RBF,LHS,branin,f,40,5,0.004932496012770571,False
500,0.8072313142615412,184,5.517486794418403,1,0.25349115221659724,0.01764665266734359,0.2951416396168019,0.5432693987487257,0.9998868252700062,0.010870469513335208,Kriging,LHS,branin,f,40,5,0.45552524899540003,False
500,13.168505682803152,377,18.595417268068758,304,5.426211610707086,0.5108066488909611,40.06151129065434,6.329416346761709,0.9841934376186792,0.12664752992373482,RBF,LHS,branin,f,40,6,0.004873055993812159,False
500,0.8138651192551181,184,4.257967027124909,406,0.1856657415835262,0.01388835785907191,0.1354695405610637,0.36806187056127354,0.9999461296014251,0.007364680124028131,Kriging,LHS,branin,f,40,6,0.6248821909975959,False
500,1.6654267668424896,496,30.544368292539446,1,1.405790698712754,0.08010696737212743,9.600508069168987,3.0984686651907563,0.9965427616113399,0.0619983552185297,RBF,LHS,branin,f,40,7,0.005196933998377062,False
500,0.48149973480768465,184,2.666919986488818,406,0.22904493577752827,0.019380637925311184,0.13370877289105065,0.3656621020710933,0.9999491769596244,0.007316662307689404,Kriging,LHS,branin,f,40,7,0.5539187120011775,False
500,2.971895560549218,165,14.047385344264,1,1.4889374330941432,0.1329187130041351,5.468476617717277,2.33847741441248,0.9978186397063985,0.046791421529618106,RBF,LHS,branin,f,40,8,0.005110288009746,False
500,0.6740623224098953,184,3.644179264080787,406,0.15418963511960226,0.015727809787543953,0.09441448397411611,0.30726939967090133,0.9999622876298953,0.006148262076230516,Kriging,LHS,branin,f,40,8,0.509281598002417,False
500,5.344517495785244,78,18.3464352600596,372,1.3220596743889796,0.1370591583965911,6.927688236156875,2.6320501963596508,0.9973746147588637,0.052665623138344754,RBF,LHS,branin,f,40,9,0.00464511699101422,False
500,0.7681579062765763,184,4.5441542824000045,406,0.20283277356406382,0.02103289587840483,0.15360731459308571,0.3919276905158472,0.9999408140978977,0.007842219755055524,Kriging,LHS,branin,f,40,9,0.5464380369958235,False
500,1.324702363274917,336,12.679266243445,1,0.5412242760834283,0.04738414076012728,1.5729735661219582,1.2541824293626338,0.9994053642448892,0.025095379739680537,RBF,LHS,branin,f,50,0,0.0062574810144724324,False
500,0.9721275058450694,78,1.5641671755219306,1,0.1392702843498304,0.01726284025238896,0.06437082543997306,0.25371406236149596,0.9999763156086897,0.005076654393487571,Kriging,LHS,branin,f,50,0,0.6809488330036402,False
500,4.515479055968858,184,14.701116643058242,1,0.6008933253802712,0.07735566026523094,2.987039434564284,1.7283053649642715,0.9988523309227182,0.03458227321997098,RBF,LHS,branin,f,50,1,0.006484277007984929,False
500,0.5838731471813885,184,3.6767954315074185,406,0.13065568028156496,0.014677849431872367,0.06806156337573407,0.2608861118874174,0.9999728478033411,0.0052201624686694734,Kriging,LHS,branin,f,50,1,0.8070605019893264,False
500,0.7412329045502197,78,13.248089477757816,1,0.6024087668510513,0.029223461874445633,1.9396687914320156,1.3927199256964824,0.9992255639064863,0.027867425494180018,RBF,LHS,branin,f,50,2,0.006397001998266205,False
500,0.41409689912979886,78,3.114923251257977,1,0.11358085751219736,0.00916521045941737,0.06760901232075041,0.260017330808449,0.9999748287467096,0.005202778720837477,Kriging,LHS,branin,f,50,2,1.127913661999628,False
500,1.1568855356511265,184,14.981235243817338,1,0.5001013442038051,0.03106231881560037,1.3419667926959453,1.158432903838606,0.9994920193385788,0.023179493624021247,RBF,LHS,branin,f,50,3,0.0063662790053058416,False
500,0.5838457558112466,184,3.5844815329616075,406,0.12552565173426156,0.010583300285651688,0.07220594262188301,0.26871163469764947,0.9999715141665005,0.005376746121881795,Kriging,LHS,branin,f,50,3,0.6447174609929789,False
500,3.0260876398108145,336,19.148973637482793,406,0.8623141547594588,0.06201346428854184,4.273629697852359,2.0672759123668905,0.9983123001469548,0.04136485477149143,RBF,LHS,branin,f,50,4,0.00650474798749201,False
500,1.009607148013437,184,4.973328353330135,406,0.13027154778747344,0.014209816419636354,0.10264768833369028,0.32038677927419273,0.9999591564617502,0.006410732363349294,Kriging,LHS,branin,f,50,4,0.8176258080056868,False
500,1.8550994793660855,78,15.441520693989048,1,0.6267269962084677,0.04361156349177506,2.698808289663108,1.64280500658572,0.999029944461842,0.03287146631408972,RBF,LHS,branin,f,50,5,0.0063079409883357584,False
500,0.970712734685862,184,4.881776397765503,406,0.10217243873483633,0.01269382060802397,0.08378137182081494,0.2894501197457257,0.9999666595402575,0.005791709802860522,Kriging,LHS,branin,f,50,5,0.8487263509887271,False
500,1.0944815935156782,372,23.583774411725955,1,0.7654884196882676,0.035261834471362094,4.279532166635307,2.068703015571667,0.9984234008833571,0.04139341018417552,RBF,LHS,branin,f,50,6,0.006610148004256189,False
500,0.3569338026104894,184,2.7133862370075157,406,0.10716434571846895,0.009506484815012917,0.04997045708138333,0.22354072801479224,0.9999807346960148,0.004472905476491752,Kriging,LHS,branin,f,50,6,1.259293893002905,False
500,2.6391214508324685,184,36.81768460138335,1,0.8429327664694146,0.05514863961056109,9.288011000725554,3.04762382861231,0.9965978713287365,0.06098098290341399,RBF,LHS,branin,f,50,7,0.006350240990286693,False
500,0.7350803239132976,184,3.9562683075392506,406,0.12709908878863235,0.012823697956450022,0.09076948991203386,0.301279753571384,0.9999654089908414,0.006028413129335229,Kriging,LHS,branin,f,50,7,2.2009166440111585,False
500,1.2592305194294873,496,22.75418574284501,1,0.6027016770382094,0.03516985203189124,3.0574008647741175,1.7485424972742634,0.9988717874802806,0.03498720515672239,RBF,LHS,branin,f,50,8,0.006173704998218454,False
500,0.28248181591735866,184,2.1505043133323944,406,0.09782196482638444,0.008592876509893734,0.03652349585134604,0.19111121330614286,0.9999856350512883,0.0038240118487914386,Kriging,LHS,branin,f,50,8,0.681185731998994,False
500,1.7982931159115554,184,15.527214991745069,1,0.47808381814220363,0.04027131432558449,1.5403199325971346,1.2410962624217086,0.9994145178092649,0.02483353399776063,RBF,LHS,branin,f,50,9,0.00613666299614124,False
500,0.3639607246397799,184,2.9632387533956894,406,0.13634563781234066,0.01174088296169685,0.057561154644686495,0.23991905852742607,0.9999771413398211,0.004800625283510114,Kriging,LHS,branin,f,50,9,0.8763805310009047,False
500,0.11266165350089312,1,0.11266165350089312,1,0.004090068642442078,0.004090068642442078,0.00019813531303941885,0.0140760545977706,0.8024987225354019,0.5682708198056056,RBF,LHS,heat_amicon,q,10,0,0.00278533500386402,False
500,0.1347114118075337,1,0.1347114118075337,1,0.00455348689868632,0.00455348689868632,0.00024303143536983602,0.01558946552547059,0.7582830925074423,0.6293694225861779,Kriging,LHS,heat_amicon,q,10,0,0.23968519001209643,False
500,0.1166806925685035,1,0.1166806925685035,1,0.0038739047181258392,0.0038739047181258392,0.00016880442219356528,0.012992475599113715,0.8410270066751483,0.5245251578650493,RBF,LHS,heat_amicon,q,10,1,0.0026527919981162995,False
500,0.15037630347792677,1,0.15037630347792677,1,0.005129530119302644,0.005129530119302644,0.0002605237140951673,0.016140747011683422,0.7056746026574249,0.6516254588879579,Kriging,LHS,heat_amicon,q,10,1,0.36842579299991485,False
500,0.12725524716787318,1,0.12725524716787318,1,0.004067893031800938,0.004067893031800938,0.0002047709871311395,0.01430982135217416,0.8011440011790963,0.5777083240611834,RBF,LHS,heat_amicon,q,10,2,0.002478094000252895,False
500,0.1497858878539084,1,0.1497858878539084,1,0.004913603696719988,0.004913603696719988,0.0002659746726046288,0.016308729950692935,0.7068476082923534,0.6584071747303651,Kriging,LHS,heat_amicon,q,10,2,0.2245850640028948,False
500,0.1834957506593339,1,0.1834957506593339,1,0.006607352152597089,0.006607352152597089,0.0004028525002790383,0.020071185821446583,0.47826563367336306,0.8103029966245361,RBF,LHS,heat_amicon,q,10,3,0.0028381459997035563,False
500,0.17139373875896538,1,0.17139373875896538,1,0.005830822415168232,0.005830822415168232,0.0003502389114380342,0.01871467102136808,0.600962166047818,0.7555385189674844,Kriging,LHS,heat_amicon,q,10,3,0.292671691000578,False
500,0.1618313691513818,1,0.1618313691513818,1,0.005967881039595765,0.005967881039595765,0.00027115677932146786,0.016466838777417718,0.5847727904441166,0.6647902582824583,RBF,LHS,heat_amicon,q,10,4,0.005330758998752572,False
500,0.1545192068871032,1,0.1545192068871032,1,0.006074170591557629,0.006074170591557629,0.00027053831870703626,0.01644804908513579,0.5824855398398339,0.6640316910459659,Kriging,LHS,heat_amicon,q,10,4,0.3344409740093397,False
500,0.1732195125153559,1,0.1732195125153559,1,0.005828611220045481,0.005828611220045481,0.00034676123065549157,0.018621526002331055,0.570976851037662,0.7517781189234718,RBF,LHS,heat_amicon,q,10,5,0.002502736999304034,False
500,0.1614922450382038,1,0.1614922450382038,1,0.005172800050070053,0.005172800050070053,0.0003038404738583994,0.017431020447994414,0.6648667684072814,0.7037156762377806,Kriging,LHS,heat_amicon,q,10,5,0.34516514399729203,False
500,0.11582682579137688,1,0.11582682579137688,1,0.003799200108968905,0.003799200108968905,0.00016509842600963626,0.012849063234712337,0.8310106526137723,0.5187353918960015,RBF,LHS,heat_amicon,q,10,6,0.0026643000019248575,False
500,0.15767871765115982,1,0.15767871765115982,1,0.005304626637940684,0.005304626637940684,0.00028241677156104115,0.016805260234850312,0.645669915704442,0.6784528252836893,Kriging,LHS,heat_amicon,q,10,6,0.2100087480066577,False
500,0.08983170976165408,1,0.08983170976165408,1,0.003266664306995996,0.003266664306995996,0.0001252563255755394,0.01119179724510498,0.8660634297185956,0.45182915080346675,RBF,LHS,heat_amicon,q,10,7,0.003008838990353979,False
500,0.10812509764746298,1,0.10812509764746298,1,0.0038232801025808276,0.0038232801025808276,0.0001584049549944281,0.012585903026578114,0.81769672813784,0.5081112311144473,Kriging,LHS,heat_amicon,q,10,7,0.24291581798752304,False
500,0.10375095054523518,1,0.10375095054523518,1,0.003405702764049028,0.003405702764049028,0.00014281449016701936,0.011950501670098179,0.8676564174607696,0.48245915316572763,RBF,LHS,heat_amicon,q,10,8,0.0028291759954299778,False
500,0.14840789881541422,1,0.14840789881541422,1,0.004920729936855993,0.004920729936855993,0.00025969962444997514,0.016115198554469478,0.7058533999819813,0.6505940304699382,Kriging,LHS,heat_amicon,q,10,8,0.3607155999925453,False
500,0.1116667734459194,1,0.1116667734459194,1,0.0038605922330685765,0.0038605922330685765,0.00017053559379066435,0.013058927742761439,0.8376200719882058,0.5272079276629522,RBF,LHS,heat_amicon,q,10,9,0.0025127819972112775,False
500,0.13663227396788202,1,0.13663227396788202,1,0.004619898210715503,0.004619898210715503,0.00023166893447958196,0.015220674573736276,0.7530446821928235,0.6144807948799355,Kriging,LHS,heat_amicon,q,10,9,0.25766898899746593,False
500,0.08094974055376386,427,0.08094974055376386,427,0.0025996622787825465,0.0025996622787825465,9.561838760130906e-05,0.009778465503406403,0.9003661352915576,0.39477089048387837,RBF,LHS,heat_amicon,q,20,0,0.003349933002027683,False
500,0.11390142101262533,1,0.11390142101262533,1,0.0033460867733334557,0.0033460867733334557,0.00015602894443593796,0.012491154647827317,0.8496161255262846,0.504286101104189,Kriging,LHS,heat_amicon,q,20,0,0.2062361080024857,False
500,0.08227225282289466,427,0.08227225282289466,427,0.002660857603941901,0.002660857603941901,8.777628420929456e-05,0.009368899839858176,0.8818808824964534,0.3782361282909525,RBF,LHS,heat_amicon,q,20,1,0.003207274989108555,False
500,0.08780051121216476,427,0.08780051121216476,427,0.003253922848622067,0.003253922848622067,0.00012015315862379867,0.010961439623689886,0.8268397484913586,0.442529278210563,Kriging,LHS,heat_amicon,q,20,1,0.3230724910099525,False
500,0.09195008418799855,427,0.09195008418799855,427,0.0033510373881260333,0.0033510373881260333,0.00011150753960143576,0.010559713045411591,0.8559663632731805,0.42631099130422595,RBF,LHS,heat_amicon,q,20,2,0.003112731996225193,False
500,0.11802856732883651,1,0.11802856732883651,1,0.0034526310294731473,0.0034526310294731473,0.00015730823403539273,0.012542257932102686,0.8167419010135705,0.506349215100246,Kriging,LHS,heat_amicon,q,20,2,0.46283893499639817,False
500,0.09187095026261743,1,0.09187095026261743,1,0.0028585358010186253,0.0028585358010186253,0.00011419587159444871,0.010686246843230262,0.89545353010173,0.4314193449639881,RBF,LHS,heat_amicon,q,20,3,0.0036909420014126226,False
500,0.10881684004125515,1,0.10881684004125515,1,0.0033324627241754896,0.0033324627241754896,0.0001506547674907137,0.012274150377550119,0.8509680532620629,0.4955253227401102,Kriging,LHS,heat_amicon,q,20,3,0.31759586300177034,False
500,0.07841837051892563,427,0.07841837051892563,427,0.0038541105420841645,0.0038541105420841645,0.00010776200502436775,0.01038084799158372,0.8764572072454799,0.4190899486415017,RBF,LHS,heat_amicon,q,20,4,0.0034903560008388013,False
500,0.12507723150758307,1,0.12507723150758307,1,0.003871765864576806,0.003871765864576806,0.0001683789168352622,0.012976090198332554,0.7518654603049464,0.523863655377255,Kriging,LHS,heat_amicon,q,20,4,0.3651768470008392,False
500,0.0816944703920757,427,0.0816944703920757,427,0.003376324492463678,0.003376324492463678,6.560797109117122e-05,0.008099874757746024,0.8993097619153844,0.32700373793918686,RBF,LHS,heat_amicon,q,20,5,0.0031150379945756868,False
500,0.10083615981941073,1,0.10083615981941073,1,0.004276703405569707,0.004276703405569707,0.00013822355650599432,0.01175685147078053,0.7879589468728241,0.47464121265140274,Kriging,LHS,heat_amicon,q,20,5,0.34730323699477594,False
500,0.08406339040729743,427,0.08406339040729743,427,0.0029872423667579025,0.0029872423667579025,0.00010707613772289502,0.0103477600340796,0.8794384285321765,0.417754139618742,RBF,LHS,heat_amicon,q,20,6,0.003014197005541064,False
500,0.08606322231861938,1,0.08606322231861938,1,0.0029202314910443884,0.0029202314910443884,0.00011354438997312795,0.010655720997338846,0.8688671849145237,0.4301869721176422,Kriging,LHS,heat_amicon,q,20,6,0.3653099960065447,False
500,0.07997031422147464,427,0.07997031422147464,427,0.0030741225044629773,0.0030741225044629773,6.979420206487071e-05,0.008354292433526056,0.8864330918250011,0.3372749499598801,RBF,LHS,heat_amicon,q,20,7,0.003657773995655589,False
500,0.11097526635727335,1,0.11097526635727335,1,0.0037686615317774363,0.0037686615317774363,0.00014869442390109163,0.012194032306874197,0.7968372631237227,0.49229083956955894,Kriging,LHS,heat_amicon,q,20,7,0.3158455359953223,False
500,0.08198404099078674,1,0.08198404099078674,1,0.003654404680474832,0.003654404680474832,9.761938729640819e-05,0.009880252390319196,0.8704738769280984,0.39888017531718345,RBF,LHS,heat_amicon,q,20,8,0.003953045001253486,False
500,0.11480912160341618,1,0.11480912160341618,1,0.004554378345692561,0.004554378345692561,0.00016955570521819712,0.01302135573656588,0.7446261829450377,0.5256910910654391,Kriging,LHS,heat_amicon,q,20,8,0.35701155599963386,False
500,0.07931913384868344,460,0.07931913384868344,460,0.002678437058722685,0.002678437058722685,8.508203160306727e-05,0.00922399217275618,0.8920963392287796,0.37238599477461815,RBF,LHS,heat_amicon,q,20,9,0.0035614619991974905,False
500,0.09557760343532495,1,0.09557760343532495,1,0.003115378076703854,0.003115378076703854,0.00012001560696539427,0.010955163484192934,0.8688849456117672,0.4422759013205847,Kriging,LHS,heat_amicon,q,20,9,0.3656468480039621,False
500,0.07548800136376181,427,0.07548800136376181,427,0.002251254176135217,0.002251254176135217,7.067371753034519e-05,0.008406766175548431,0.9239803588639127,0.3393933913306635,RBF,LHS,heat_amicon,q,30,0,0.004127216001506895,False
500,0.08275738824245864,427,0.08275738824245864,427,0.002448499262890303,0.002448499262890303,9.01845135651001e-05,0.009496552720071641,0.8973023928093665,0.3833896609364526,Kriging,LHS,heat_amicon,q,30,0,0.41526647900172975,False
500,0.0735450511429295,427,0.0735450511429295,427,0.0023712895488978035,0.0023712895488978035,7.155651814036349e-05,0.008459108590174468,0.9290922668533895,0.34150653082323507,RBF,LHS,heat_amicon,q,30,1,0.0041606119921198115,False
500,0.07904584506682899,1,0.07904584506682899,1,0.002431527037559642,0.002431527037559642,9.000033163982563e-05,0.009486850459442567,0.9074258029630742,0.38299796654770496,Kriging,LHS,heat_amicon,q,30,1,0.39775726200605277,False
500,0.0653569246608526,427,0.0653569246608526,427,0.0019921445386740836,0.0019921445386740836,4.218144080565488e-05,0.006494724074635879,0.9340628452605464,0.2622014676533782,RBF,LHS,heat_amicon,q,30,2,0.0038990670000202954,False
500,0.06667658342362753,1,0.06667658342362753,1,0.00299298968987874,0.00299298968987874,8.307771749342553e-05,0.009114697882729056,0.8656690193987223,0.3679736251462976,Kriging,LHS,heat_amicon,q,30,2,0.37244379600451794,False
500,0.08093376087964171,427,0.08093376087964171,427,0.0030757744085729444,0.0030757744085729444,9.39041315014713e-05,0.009690414413298912,0.8761986662900628,0.3912161397678584,RBF,LHS,heat_amicon,q,30,3,0.003981306988862343,False
500,0.10624446440219712,1,0.10624446440219712,1,0.002851997144032469,0.002851997144032469,0.00013047076126743528,0.011422379842547493,0.8498399866355062,0.46113810600617794,Kriging,LHS,heat_amicon,q,30,3,0.41354866301117,False
500,0.055114323474083196,460,0.055114323474083196,460,0.0028651297253725616,0.0028651297253725616,5.525504116036249e-05,0.007433373471066988,0.9208933296681445,0.3000961105247142,RBF,LHS,heat_amicon,q,30,4,0.004085851993295364,False
500,0.15148951956550272,1,0.15148951956550272,1,0.004683524967574007,0.004683524967574007,0.00024637320532150636,0.015696279983534518,0.6325799184303044,0.6336816777873402,Kriging,LHS,heat_amicon,q,30,4,0.5563328569987789,False
500,0.07303000616091676,134,0.07303000616091676,134,0.0018117657396608086,0.0018117657396608086,5.7491176203539134e-05,0.0075822935978198,0.9163925144083079,0.30610823287956623,RBF,LHS,heat_amicon,q,30,5,0.0040565489907749,False
500,0.07962350512185673,134,0.07962350512185673,134,0.0024999765038744314,0.0024999765038744314,8.876679872279844e-05,0.009421613382154801,0.8939255007265737,0.38036425074797287,Kriging,LHS,heat_amicon,q,30,5,0.29206369699386414,False
500,0.07244314864911475,134,0.07244314864911475,134,0.0020807362496238608,0.0020807362496238608,6.825668454291728e-05,0.008261760377965296,0.9216495391070633,0.33353929614392097,RBF,LHS,heat_amicon,q,30,6,0.004127601001528092,False
500,0.08813103860566565,1,0.08813103860566565,1,0.0027124282955417224,0.0027124282955417224,0.00010409713810853084,0.010202800503221204,0.8915417799706213,0.4119019122870447,Kriging,LHS,heat_amicon,q,30,6,0.40530192499863915,False
500,0.12915620561082417,1,0.12915620561082417,1,0.0026964501752243315,0.0026964501752243315,0.00012203615988533321,0.011046997777013137,0.8407538100986582,0.4459833854387175,RBF,LHS,heat_amicon,q,30,7,0.004148520994931459,False
500,0.12904918433067902,1,0.12904918433067902,1,0.0033498778777588463,0.0033498778777588463,0.0001464242098186744,0.012100587168343295,0.797031858282011,0.4885183232645842,Kriging,LHS,heat_amicon,q,30,7,0.364726455998607,False
500,0.08159702301944821,427,0.08159702301944821,427,0.0022145507687646947,0.0022145507687646947,6.61497462610019e-05,0.008133249428180713,0.9100868082038533,0.32835112198042715,RBF,LHS,heat_amicon,q,30,8,0.0038780850009061396,False
500,0.09866488072311017,1,0.09866488072311017,1,0.002823881141212934,0.002823881141212934,0.00011803274884293938,0.01086428777430621,0.8614794135727458,0.4386071165912384,Kriging,LHS,heat_amicon,q,30,8,0.5748346550099086,False
500,0.07745750867151377,1,0.07745750867151377,1,0.002192003336920786,0.002192003336920786,7.192367669475402e-05,0.008480782787853608,0.9287919077825874,0.34238154974264906,RBF,LHS,heat_amicon,q,30,9,0.004129785986151546,False
500,0.09661125810372093,1,0.09661125810372093,1,0.0027522793804193413,0.0027522793804193413,0.00011170400446081862,0.010569011517678398,0.8857077903082612,0.4266863841688455,Kriging,LHS,heat_amicon,q,30,9,0.23850240299361758,False
500,0.08043095110940607,427,0.08043095110940607,427,0.002130213366098023,0.002130213366098023,7.269668571058152e-05,0.00852623514281547,0.9082732370523137,0.344216527494182,RBF,LHS,heat_amicon,q,40,0,0.004730934000690468,False
500,0.10521599824523564,1,0.10521599824523564,1,0.0028250932911408106,0.0028250932911408106,0.00011429434864928387,0.010690853504247632,0.8448505433084681,0.4316053225768713,Kriging,LHS,heat_amicon,q,40,0,0.7796171219961252,False
500,0.07429931120361326,427,0.07429931120361326,427,0.002354535714790757,0.002354535714790757,5.035216261420794e-05,0.007095925775697484,0.9180932685313237,0.2864728557158338,RBF,LHS,heat_amicon,q,40,1,0.0050261790020158514,False
500,0.07180255032329272,427,0.07180255032329272,427,0.002486559882316591,0.002486559882316591,6.206746022004408e-05,0.007878290437654865,0.8992410547697262,0.3180580562952542,Kriging,LHS,heat_amicon,q,40,1,0.47599721601000056,False
500,0.06953851988482411,460,0.06953851988482411,460,0.001580268329932049,0.001580268329932049,3.7124202845793594e-05,0.006092963387859277,0.9503628578465151,0.24598180373730028,RBF,LHS,heat_amicon,q,40,2,0.004886301001533866,False
500,0.08392550594001882,134,0.08392550594001882,134,0.002479472056291412,0.002479472056291412,7.785868989697348e-05,0.008823757130439022,0.8981552281459645,0.3562279233468102,Kriging,LHS,heat_amicon,q,40,2,0.5432468079961836,False
500,0.07141013054957748,427,0.07141013054957748,427,0.0020359839311372995,0.0020359839311372995,6.222836872715878e-05,0.007888495973704923,0.9052323239978063,0.31847006864555016,RBF,LHS,heat_amicon,q,40,3,0.004886206996161491,False
500,0.0719786455106171,134,0.0719786455106171,134,0.0019607247586079213,0.0019607247586079213,5.6075029673816445e-05,0.0074883262264551775,0.9094183914939238,0.30231463327468766,Kriging,LHS,heat_amicon,q,40,3,0.5489025040005799,False
500,0.06681819906731894,460,0.06681819906731894,460,0.0025109898516309658,0.0025109898516309658,7.153639669315093e-05,0.00845791917040775,0.8884212531371063,0.3414585122153765,RBF,LHS,heat_amicon,q,40,4,0.004796007997356355,False
500,0.059164593082423764,427,0.059164593082423764,427,0.0025976126834912064,0.0025976126834912064,6.742304493684038e-05,0.008211153690976705,0.8912434223839256,0.33149623050341065,Kriging,LHS,heat_amicon,q,40,4,0.4738029689906398,False
500,0.07132297066455573,427,0.07132297066455573,427,0.0021381516655312547,0.0021381516655312547,5.7202535411043076e-05,0.007563235776507505,0.9134963523560452,0.30533884088370383,RBF,LHS,heat_amicon,q,40,5,0.005629175997455604,False
500,0.08674998460041286,1,0.08674998460041286,1,0.00246630638426124,0.00246630638426124,8.239165386062957e-05,0.009076984844133518,0.9057482640542311,0.3664510948654445,Kriging,LHS,heat_amicon,q,40,5,0.9254832939914195,False
500,0.06587996817341787,427,0.06587996817341787,427,0.002036342463749835,0.002036342463749835,5.827893965162492e-05,0.007634064425430592,0.9130646690358871,0.3081982965720628,RBF,LHS,heat_amicon,q,40,6,0.004921632003970444,False
500,0.0720942595343273,427,0.0720942595343273,427,0.0022864021297906807,0.0022864021297906807,6.250329407284005e-05,0.007905902483134993,0.8991192223399674,0.3191727947763046,Kriging,LHS,heat_amicon,q,40,6,0.6940615339990472,False
500,0.06673937618899867,427,0.06673937618899867,427,0.0017519749136818143,0.0017519749136818143,4.10815810827602e-05,0.006409491483944744,0.949417622139321,0.25876050386272353,RBF,LHS,heat_amicon,q,40,7,0.005150509008672088,False
500,0.07088124116721123,427,0.07088124116721123,427,0.002113697822713851,0.002113697822713851,6.810966672514923e-05,0.008252858094330063,0.9255915911293644,0.33317989799123565,Kriging,LHS,heat_amicon,q,40,7,0.47670359899348114,False
500,0.06890559339044813,427,0.06890559339044813,427,0.0018986387034564348,0.0018986387034564348,5.28622630097174e-05,0.0072706439198820215,0.9417056181232512,0.29352648159807404,RBF,LHS,heat_amicon,q,40,8,0.005104934985865839,False
500,0.07800718713715876,1,0.07800718713715876,1,0.002312642951645823,0.002312642951645823,8.149195273006027e-05,0.009027289334571052,0.9097720268351849,0.36444481478436325,Kriging,LHS,heat_amicon,q,40,8,1.3509126510034548,False
500,0.07007235590651104,427,0.07007235590651104,427,0.001995449154015648,0.001995449154015648,4.5687601818372675e-05,0.006759260449070791,0.9257901818497237,0.27288118627228297,RBF,LHS,heat_amicon,q,40,9,0.004951280003297143,False
500,0.07438620133964016,427,0.07438620133964016,427,0.0021480961703243145,0.0021480961703243145,5.2649950673142805e-05,0.0072560285744436535,0.9153542407874069,0.2929364388217894,Kriging,LHS,heat_amicon,q,40,9,0.7396746989979874,False
500,0.05391492439161526,427,0.05391492439161526,427,0.001693309408488623,0.001693309408488623,3.8107820563578375e-05,0.006173153210765012,0.9568770638225069,0.24921918364984522,RBF,LHS,heat_amicon,q,50,0,0.00641217699740082,False
500,0.06343253236480792,1,0.06343253236480792,1,0.002039731800205267,0.002039731800205267,5.1773790185860145e-05,0.007195400627196525,0.9404138188786193,0.29048880031300484,Kriging,LHS,heat_amicon,q,50,0,0.5242101719923085,False
500,0.07003336805757207,427,0.07003336805757207,427,0.0017386748364750417,0.0017386748364750417,5.2783494864572103e-05,0.0072652250388113996,0.944134830415707,0.29330771347899337,RBF,LHS,heat_amicon,q,50,1,0.0065230360050918534,False
500,0.07585759045970916,427,0.07585759045970916,427,0.001915006359066088,0.001915006359066088,6.459090758591971e-05,0.008036846868388106,0.9275391988352295,0.3244592102729107,Kriging,LHS,heat_amicon,q,50,1,0.7246589209971717,False
500,0.06628298428183801,427,0.06628298428183801,427,0.0022286871881571917,0.0022286871881571917,4.200193300600097e-05,0.006480889831342681,0.9403040950483356,0.2616429591080319,RBF,LHS,heat_amicon,q,50,2,0.00632604600104969,False
500,0.07389198498434207,427,0.07389198498434207,427,0.002332143649605574,0.002332143649605574,7.001251083593904e-05,0.008367347897388935,0.9002911012418525,0.3378020180456685,Kriging,LHS,heat_amicon,q,50,2,0.5950363570009358,False
500,0.06424454052523035,134,0.06424454052523035,134,0.0014575108104902586,0.0014575108104902586,4.355411407803153e-05,0.006599554081756701,0.9517856202520725,0.2664336076804716,RBF,LHS,heat_amicon,q,50,3,0.006265358999371529,False
500,0.07204296808464242,1,0.07204296808464242,1,0.0019445206339641183,0.0019445206339641183,6.44124375580606e-05,0.008025735951179842,0.9247640673112718,0.32401064636696136,Kriging,LHS,heat_amicon,q,50,3,0.9343799359921832,False
500,0.06580977479793312,460,0.06580977479793312,460,0.0015732445354577453,0.0015732445354577453,4.981895535232766e-05,0.007058254412553267,0.9440054134285336,0.28495200793363284,RBF,LHS,heat_amicon,q,50,4,0.006336313992505893,False
500,0.07167934440893492,460,0.07167934440893492,460,0.0019334726291452542,0.0019334726291452542,6.670328674186005e-05,0.008167208013872308,0.9240900599098154,0.329722079530809,Kriging,LHS,heat_amicon,q,50,4,0.6589135300018825,False
500,0.08082189785811744,427,0.08082189785811744,427,0.0018110081802764674,0.0018110081802764674,4.75973185842173e-05,0.006899080995626685,0.9344865243666457,0.2785259453249773,RBF,LHS,heat_amicon,q,50,5,0.006384989013895392,False
500,0.08115878905815543,427,0.08115878905815543,427,0.002146181538658733,0.002146181538658733,6.910156676837906e-05,0.00831273521582271,0.909915809436654,0.3355972245710584,Kriging,LHS,heat_amicon,q,50,5,0.6775406999950064,False
500,0.05705435910209375,1,0.05705435910209375,1,0.0017551062829993791,0.0017551062829993791,4.500344422768798e-05,0.0067084606451620465,0.9342471554427094,0.2708303242205147,RBF,LHS,heat_amicon,q,50,6,0.006287508993409574,False
500,0.09259603210153414,1,0.09259603210153414,1,0.0028403541347756926,0.0028403541347756926,8.916898815023325e-05,0.009442933238683478,0.8703652978423456,0.38122496439919784,Kriging,LHS,heat_amicon,q,50,6,0.7219679679983528,False
500,0.06068022358499071,427,0.06068022358499071,427,0.0014431401674708652,0.0014431401674708652,3.163356104379788e-05,0.005624372057732124,0.9491771395401088,0.22706408943919493,RBF,LHS,heat_amicon,q,50,7,0.006226259996765293,False
500,0.10029059306483473,1,0.10029059306483473,1,0.002789993337980178,0.002789993337980178,0.00010836374450155747,0.010409790800086112,0.8851264410853786,0.4202584119634425,Kriging,LHS,heat_amicon,q,50,7,0.5201529559999472,False
500,0.06431134718554839,427,0.06431134718554839,427,0.0017100914455598377,0.0017100914455598377,3.852840434956861e-05,0.006207125288695937,0.9551317599160224,0.2505906859015745,RBF,LHS,heat_amicon,q,50,8,0.006301586996414699,False
500,0.0716853307224744,427,0.0716853307224744,427,0.0019856556506167027,0.0019856556506167027,6.308879216078395e-05,0.007942845344131028,0.9319295214475011,0.32066423186603477,Kriging,LHS,heat_amicon,q,50,8,0.5197325339977397,False
500,0.061191041458805724,427,0.061191041458805724,427,0.002334366321699526,0.002334366321699526,4.3421622216070723e-05,0.0065895084957886445,0.9425731692758104,0.2660280527478842,RBF,LHS,heat_amicon,q,50,9,0.0067002680007135496,False
500,0.07262543725621937,1,0.07262543725621937,1,0.0021585591252697442,0.0021585591252697442,6.304601012719938e-05,0.00794015176978371,0.9131937442464567,0.32055548834760594,Kriging,LHS,heat_amicon,q,50,9,0.7355162849999033,False
